com.samsung.shealth.sleep_snoring,6195017,2
duration,start_time,custom,update_time,create_time,time_offset,deviceuuid,pkg_name,end_time,datauuid
85473,2021-10-02 16:02:36.049,,2021-10-02 22:08:37.668,2021-10-02 22:08:37.668,UTC+0900,DQQ9M5Fmpd,com.sec.android.app.shealth,2021-10-02 16:04:01.522,2272b0ab-4c7d-4676-b59a-bdb0c9d27778,
295840,2021-10-02 16:50:35.958,,2021-10-02 22:08:37.670,2021-10-02 22:08:37.670,UTC+0900,DQQ9M5Fmpd,com.sec.android.app.shealth,2021-10-02 16:55:31.798,c9396a4e-6cac-4cc8-ae5b-6b2d8858c2fe,
204449,2021-10-02 18:23:06.660,,2021-10-02 22:08:37.672,2021-10-02 22:08:37.672,UTC+0900,DQQ9M5Fmpd,com.sec.android.app.shealth,2021-10-02 18:26:31.109,ec03c72b-eb5b-46d2-ad8a-057d144f0779,
207692,2021-10-02 16:04:35.681,,2021-10-02 22:08:37.668,2021-10-02 22:08:37.668,UTC+0900,DQQ9M5Fmpd,com.sec.android.app.shealth,2021-10-02 16:08:03.373,16cf8e8e-0b16-4a8a-a4ef-c4b836f4b8b6,
80752,2021-10-02 17:02:38.041,,2021-10-02 22:08:37.670,2021-10-02 22:08:37.670,UTC+0900,DQQ9M5Fmpd,com.sec.android.app.shealth,2021-10-02 17:03:58.793,27a11813-3ad7-454e-8547-ea12ede382dc,
595191,2021-10-02 19:52:36.350,,2021-10-02 22:08:37.673,2021-10-02 22:08:37.673,UTC+0900,DQQ9M5Fmpd,com.sec.android.app.shealth,2021-10-02 20:02:31.541,1d7bfc40-19aa-4e6b-a147-89fda643a8aa,
324449,2021-10-02 18:57:37.309,,2021-10-02 22:08:37.672,2021-10-02 22:08:37.672,UTC+0900,DQQ9M5Fmpd,com.sec.android.app.shealth,2021-10-02 19:03:01.758,b89fa90d-5a19-4ee8-b5c7-9c4f9165aad1,
177139,2021-10-02 16:18:05.400,,2021-10-02 22:08:37.669,2021-10-02 22:08:37.669,UTC+0900,DQQ9M5Fmpd,com.sec.android.app.shealth,2021-10-02 16:21:02.539,b09ea4fb-333b-4676-a049-489fda2d1442,
292039,2021-10-02 20:17:40.985,,2021-10-02 22:08:37.674,2021-10-02 22:08:37.674,UTC+0900,DQQ9M5Fmpd,com.sec.android.app.shealth,2021-10-02 20:22:33.024,25d283a0-87f3-437c-9b45-1aa7c55d026c,
142039,2021-10-02 20:54:38.916,,2021-10-02 22:08:37.676,2021-10-02 22:08:37.676,UTC+0900,DQQ9M5Fmpd,com.sec.android.app.shealth,2021-10-02 20:57:00.955,13b1b00d-5d37-4762-a0e2-fa35bc1851cc,
81680,2021-10-02 16:11:42.447,,2021-10-02 22:08:37.668,2021-10-02 22:08:37.668,UTC+0900,DQQ9M5Fmpd,com.sec.android.app.shealth,2021-10-02 16:13:04.127,ee4726ca-aa36-4f67-a55a-e4d652121b94,
146211,2021-10-02 20:41:34.403,,2021-10-02 22:08:37.675,2021-10-02 22:08:37.675,UTC+0900,DQQ9M5Fmpd,com.sec.android.app.shealth,2021-10-02 20:44:00.614,972349c3-4a71-47b5-963d-83afd197e313,
110649,2021-10-02 22:00:12.068,,2021-10-02 22:08:37.677,2021-10-02 22:08:37.677,UTC+0900,DQQ9M5Fmpd,com.sec.android.app.shealth,2021-10-02 22:02:02.717,b42f8cb3-0241-448a-84df-cd3349b5b41e,
388250,2021-10-02 17:21:05.260,,2021-10-02 22:08:37.670,2021-10-02 22:08:37.670,UTC+0900,DQQ9M5Fmpd,com.sec.android.app.shealth,2021-10-02 17:27:33.510,f5724054-36a4-40bb-aa81-57edf51a42e1,
982597,2021-10-04 14:31:44.252,,2021-10-04 21:54:22.011,2021-10-04 21:54:22.011,UTC+0900,DQQ9M5Fmpd,com.sec.android.app.shealth,2021-10-04 14:48:06.849,efe0ba37-21c0-41b3-b50c-53d4323818bd,
83813,2021-10-02 19:27:37.831,,2021-10-02 22:08:37.672,2021-10-02 22:08:37.672,UTC+0900,DQQ9M5Fmpd,com.sec.android.app.shealth,2021-10-02 19:29:01.644,09a2b64b-40cf-4a91-b3a3-f1fbcd693ff2,
85964,2021-10-02 16:35:06.679,,2021-10-02 22:08:37.669,2021-10-02 22:08:37.669,UTC+0900,DQQ9M5Fmpd,com.sec.android.app.shealth,2021-10-02 16:36:32.643,8e9f7f7d-489d-4e84-a4ac-e568dbe8b3d7,
85275,2021-10-04 16:58:11.043,,2021-10-04 21:54:22.013,2021-10-04 21:54:22.013,UTC+0900,DQQ9M5Fmpd,com.sec.android.app.shealth,2021-10-04 16:59:36.318,53fd8220-7ced-4853-bb6c-085887ecdb13,
88354,2021-10-02 20:23:04.403,,2021-10-02 22:08:37.674,2021-10-02 22:08:37.674,UTC+0900,DQQ9M5Fmpd,com.sec.android.app.shealth,2021-10-02 20:24:32.757,785d81cf-bc63-4faa-929a-edcceaed779c,
84162,2021-10-02 18:18:05.640,,2021-10-02 22:08:37.671,2021-10-02 22:08:37.671,UTC+0900,DQQ9M5Fmpd,com.sec.android.app.shealth,2021-10-02 18:19:29.802,d5c4c1f0-8c71-492a-9cf6-68d66fb8959a,
110277,2021-10-02 21:02:11.419,,2021-10-02 22:08:37.676,2021-10-02 22:08:37.676,UTC+0900,DQQ9M5Fmpd,com.sec.android.app.shealth,2021-10-02 21:04:01.696,8387909c-5c56-4d33-b176-2b96eabca2c3,
117952,2021-10-04 17:45:39.282,,2021-10-04 21:54:22.015,2021-10-04 21:54:22.015,UTC+0900,DQQ9M5Fmpd,com.sec.android.app.shealth,2021-10-04 17:47:37.234,4f765ebb-e3b5-4d27-ae1b-47c1b31325cc,
238899,2021-10-02 19:43:04.403,,2021-10-02 22:08:37.673,2021-10-02 22:08:37.673,UTC+0900,DQQ9M5Fmpd,com.sec.android.app.shealth,2021-10-02 19:47:03.302,90b86353-2416-48a6-ba75-a9924889787b,
118621,2021-10-04 18:33:09.260,,2021-10-04 21:54:22.018,2021-10-04 21:54:22.018,UTC+0900,DQQ9M5Fmpd,com.sec.android.app.shealth,2021-10-04 18:35:07.881,819de8a5-b9a4-4e43-8cc9-53bd1c5790f2,
80753,2021-10-04 14:17:48.325,,2021-10-04 21:54:22.009,2021-10-04 21:54:22.009,UTC+0900,DQQ9M5Fmpd,com.sec.android.app.shealth,2021-10-04 14:19:09.078,1ab05ce9-6819-486a-86a7-5b9c9bd867d0,
86500,2021-10-02 20:29:35.330,,2021-10-02 22:08:37.675,2021-10-02 22:08:37.675,UTC+0900,DQQ9M5Fmpd,com.sec.android.app.shealth,2021-10-02 20:31:01.830,e0ae78ee-7840-46d7-b5d8-ee4715ce0e5b,
323152,2021-10-04 15:56:15.795,,2021-10-04 21:54:22.011,2021-10-04 21:54:22.011,UTC+0900,DQQ9M5Fmpd,com.sec.android.app.shealth,2021-10-04 16:01:38.947,69626cf5-413c-4779-99e0-21b19e13941c,
116675,2021-10-04 20:52:41.931,,2021-10-04 21:54:22.020,2021-10-04 21:54:22.020,UTC+0900,DQQ9M5Fmpd,com.sec.android.app.shealth,2021-10-04 20:54:38.606,73632b90-572b-4080-9d48-c58d78718175,
147674,2021-10-02 21:21:04.003,,2021-10-02 22:08:37.677,2021-10-02 22:08:37.677,UTC+0900,DQQ9M5Fmpd,com.sec.android.app.shealth,2021-10-02 21:23:31.677,5890da07-54f5-4cd1-af88-850bc2707f6b,
145840,2021-10-02 17:28:36.836,,2021-10-02 22:08:37.671,2021-10-02 22:08:37.671,UTC+0900,DQQ9M5Fmpd,com.sec.android.app.shealth,2021-10-02 17:31:02.676,ef65c88d-a16b-4940-baf4-a76801b867f3,
287033,2021-10-04 14:12:18.511,,2021-10-04 21:54:22.009,2021-10-04 21:54:22.009,UTC+0900,DQQ9M5Fmpd,com.sec.android.app.shealth,2021-10-04 14:17:05.544,daaff25e-2423-4a1a-8d02-31649da19d21,
502966,2021-10-02 19:34:06.350,,2021-10-02 22:08:37.672,2021-10-02 22:08:37.672,UTC+0900,DQQ9M5Fmpd,com.sec.android.app.shealth,2021-10-02 19:42:29.316,a10f6648-0f3b-46d8-a888-b56c18b7b5f0,
81845,2021-10-04 14:26:09.797,,2021-10-04 21:54:22.010,2021-10-04 21:54:22.010,UTC+0900,DQQ9M5Fmpd,com.sec.android.app.shealth,2021-10-04 14:27:31.642,0aba4514-a5a4-4b48-986e-d613180eb83a,
237766,2021-10-04 15:51:41.253,,2021-10-04 21:54:22.011,2021-10-04 21:54:22.011,UTC+0900,DQQ9M5Fmpd,com.sec.android.app.shealth,2021-10-04 15:55:39.019,f5e9abda-bbb4-4160-9424-56f687ca48e2,
84183,2021-10-04 17:10:40.487,,2021-10-04 21:54:22.013,2021-10-04 21:54:22.013,UTC+0900,DQQ9M5Fmpd,com.sec.android.app.shealth,2021-10-04 17:12:04.670,d9038196-c043-47dd-9566-478efa1a1b8c,
77221,2021-10-13 14:18:44.368,,2021-10-13 21:48:43.547,2021-10-13 21:48:43.547,UTC+0900,DQQ9M5Fmpd,com.sec.android.app.shealth,2021-10-13 14:20:01.589,e4e14f14-c239-4933-a67b-02218ea1bd5d,
169815,2021-10-02 20:25:36.442,,2021-10-02 22:08:37.674,2021-10-02 22:08:37.674,UTC+0900,DQQ9M5Fmpd,com.sec.android.app.shealth,2021-10-02 20:28:26.257,462c0808-6152-48e7-a480-101d4ba19468,
86499,2021-10-04 17:00:11.878,,2021-10-04 21:54:22.013,2021-10-04 21:54:22.013,UTC+0900,DQQ9M5Fmpd,com.sec.android.app.shealth,2021-10-04 17:01:38.377,cbb13bb9-ccff-4700-afb4-c3f47b20fa09,
117601,2021-10-02 16:47:04.382,,2021-10-02 22:08:37.669,2021-10-02 22:08:37.669,UTC+0900,DQQ9M5Fmpd,com.sec.android.app.shealth,2021-10-02 16:49:01.983,f2e8e2cf-d975-4c7d-8876-a19b3bf7af42,
202410,2021-10-04 18:12:13.988,,2021-10-04 21:54:22.016,2021-10-04 21:54:22.016,UTC+0900,DQQ9M5Fmpd,com.sec.android.app.shealth,2021-10-04 18:15:36.398,60891be7-60ac-4a0f-92ca-04f7c961cdef,
175747,2021-10-04 17:48:11.136,,2021-10-04 21:54:22.016,2021-10-04 21:54:22.016,UTC+0900,DQQ9M5Fmpd,com.sec.android.app.shealth,2021-10-04 17:51:06.883,f8f36ee9-c61e-431a-9eec-6fda348a48d7,
146674,2021-10-02 18:20:04.991,,2021-10-02 22:08:37.671,2021-10-02 22:08:37.671,UTC+0900,DQQ9M5Fmpd,com.sec.android.app.shealth,2021-10-02 18:22:31.665,01936b13-58b1-4cdf-8334-59ca7407a582,
230649,2021-10-04 18:50:11.078,,2021-10-04 21:54:22.018,2021-10-04 21:54:22.018,UTC+0900,DQQ9M5Fmpd,com.sec.android.app.shealth,2021-10-04 18:54:01.727,fea05b8e-24d1-4cde-9730-3eb55638e4f2,
201261,2021-10-04 18:44:09.445,,2021-10-04 21:54:22.018,2021-10-04 21:54:22.018,UTC+0900,DQQ9M5Fmpd,com.sec.android.app.shealth,2021-10-04 18:47:30.706,a975079f-a2fe-48e9-b760-71b54b40350a,
142224,2021-10-02 19:48:11.263,,2021-10-02 22:08:37.673,2021-10-02 22:08:37.673,UTC+0900,DQQ9M5Fmpd,com.sec.android.app.shealth,2021-10-02 19:50:33.487,0be13b3a-bf89-4887-a6ed-b9f45766c345,
89003,2021-10-04 21:02:09.631,,2021-10-04 21:54:22.021,2021-10-04 21:54:22.021,UTC+0900,DQQ9M5Fmpd,com.sec.android.app.shealth,2021-10-04 21:03:38.634,de669567-8f9e-4e93-ae26-7d20050734c8,
113542,2021-10-02 20:35:06.886,,2021-10-02 22:08:37.675,2021-10-02 22:08:37.675,UTC+0900,DQQ9M5Fmpd,com.sec.android.app.shealth,2021-10-02 20:37:00.428,9b7e1982-b917-4c67-a474-606e48c4b37e,
205562,2021-10-13 15:32:42.458,,2021-10-13 21:48:43.550,2021-10-13 21:48:43.550,UTC+0900,DQQ9M5Fmpd,com.sec.android.app.shealth,2021-10-13 15:36:08.020,a118695c-338e-47f6-ba51-375e91975ce5,
86686,2021-10-04 20:58:40.094,,2021-10-04 21:54:22.020,2021-10-04 21:54:22.020,UTC+0900,DQQ9M5Fmpd,com.sec.android.app.shealth,2021-10-04 21:00:06.780,e0410ed9-0f88-4ce1-aa15-afd4a070c51b,
174377,2021-10-13 15:13:16.331,,2021-10-13 21:48:43.548,2021-10-13 21:48:43.548,UTC+0900,DQQ9M5Fmpd,com.sec.android.app.shealth,2021-10-13 15:16:10.708,3b61922d-78ee-449c-8c8f-31c3b2f766f3,
117509,2021-10-04 16:13:09.862,,2021-10-04 21:54:22.012,2021-10-04 21:54:22.012,UTC+0900,DQQ9M5Fmpd,com.sec.android.app.shealth,2021-10-04 16:15:07.371,0aa426b8-9f97-451a-8173-f31ee077c83e,
201669,2021-10-13 16:25:43.199,,2021-10-13 21:48:43.551,2021-10-13 21:48:43.551,UTC+0900,DQQ9M5Fmpd,com.sec.android.app.shealth,2021-10-13 16:29:04.868,491246f1-9c0e-47fe-bcee-f2a3f0747a61,
145283,2021-10-13 16:50:43.756,,2021-10-13 21:48:43.552,2021-10-13 21:48:43.552,UTC+0900,DQQ9M5Fmpd,com.sec.android.app.shealth,2021-10-13 16:53:09.039,c4d53587-ba42-4316-9010-7029ea4e7486,
87520,2021-10-04 17:25:40.116,,2021-10-04 21:54:22.014,2021-10-04 21:54:22.014,UTC+0900,DQQ9M5Fmpd,com.sec.android.app.shealth,2021-10-04 17:27:07.636,3272dec7-bfd9-47ab-8ca5-8f83a4bd99e7,
80838,2021-10-13 16:59:13.292,,2021-10-13 21:48:43.552,2021-10-13 21:48:43.552,UTC+0900,DQQ9M5Fmpd,com.sec.android.app.shealth,2021-10-13 17:00:34.130,7dbfb1a4-50de-4447-a922-480153c8f8ed,
386118,2021-10-13 17:24:11.427,,2021-10-13 21:48:43.554,2021-10-13 21:48:43.554,UTC+0900,DQQ9M5Fmpd,com.sec.android.app.shealth,2021-10-13 17:30:37.545,b2b0f429-54fd-4e13-86da-7c277803ecc0,
381483,2021-10-04 18:22:45.100,,2021-10-04 21:54:22.017,2021-10-04 21:54:22.017,UTC+0900,DQQ9M5Fmpd,com.sec.android.app.shealth,2021-10-04 18:29:06.583,b8380512-2d2b-4dc3-a56d-ce43eda4154b,
87427,2021-10-02 21:19:04.003,,2021-10-02 22:08:37.676,2021-10-02 22:08:37.676,UTC+0900,DQQ9M5Fmpd,com.sec.android.app.shealth,2021-10-02 21:20:31.430,e5aafd48-84eb-4310-b7fa-53976d992152,
116489,2021-10-13 18:43:42.076,,2021-10-13 21:48:43.557,2021-10-13 21:48:43.557,UTC+0900,DQQ9M5Fmpd,com.sec.android.app.shealth,2021-10-13 18:45:38.565,790e5f0c-1357-49e5-b55f-b8e487d8327d,
143708,2021-10-04 18:58:43.859,,2021-10-04 21:54:22.019,2021-10-04 21:54:22.019,UTC+0900,DQQ9M5Fmpd,com.sec.android.app.shealth,2021-10-04 19:01:07.567,88432e93-6e7f-4c73-8a4b-7b592e12dcba,
237416,2021-10-13 18:00:12.354,,2021-10-13 21:48:43.555,2021-10-13 21:48:43.555,UTC+0900,DQQ9M5Fmpd,com.sec.android.app.shealth,2021-10-13 18:04:09.770,d150c135-6cb2-431a-b8bd-d1bed08f66c7,
81587,2021-10-02 21:43:35.764,,2021-10-02 22:08:37.677,2021-10-02 22:08:37.677,UTC+0900,DQQ9M5Fmpd,com.sec.android.app.shealth,2021-10-02 21:44:57.351,f00d301c-0547-4cd8-b7a8-a51fc9276471,
143338,2021-10-04 14:19:43.041,,2021-10-04 21:54:22.010,2021-10-04 21:54:22.010,UTC+0900,DQQ9M5Fmpd,com.sec.android.app.shealth,2021-10-04 14:22:06.379,4ce069e9-0d9b-4d6e-8852-fcd2070eb6d9,
115654,2021-10-13 18:48:14.765,,2021-10-13 21:48:43.557,2021-10-13 21:48:43.557,UTC+0900,DQQ9M5Fmpd,com.sec.android.app.shealth,2021-10-13 18:50:10.419,5b2decb9-8f1d-440a-898e-d48231dc3470,
83534,2021-10-04 14:28:16.100,,2021-10-04 21:54:22.010,2021-10-04 21:54:22.010,UTC+0900,DQQ9M5Fmpd,com.sec.android.app.shealth,2021-10-04 14:29:39.634,a55cd91f-6d30-444d-8b72-62faad5f0ce9,
84453,2021-10-13 19:18:43.064,,2021-10-13 21:48:43.560,2021-10-13 21:48:43.560,UTC+0900,DQQ9M5Fmpd,com.sec.android.app.shealth,2021-10-13 19:20:07.517,f2d06a59-0f8b-4250-9132-9ebd8b432512,
106383,2021-10-13 14:05:16.593,,2021-10-13 21:48:43.546,2021-10-13 21:48:43.546,UTC+0900,DQQ9M5Fmpd,com.sec.android.app.shealth,2021-10-13 14:07:02.976,0f99ba14-b952-4b5c-8cf5-1a1a7ac5ddf4,
108702,2021-10-13 14:51:13.069,,2021-10-13 21:48:43.547,2021-10-13 21:48:43.547,UTC+0900,DQQ9M5Fmpd,com.sec.android.app.shealth,2021-10-13 14:53:01.771,f33361a6-6e3b-4a4f-a411-73a44ae466cc,
597416,2021-10-13 19:25:41.674,,2021-10-13 21:48:43.566,2021-10-13 21:48:43.566,UTC+0900,DQQ9M5Fmpd,com.sec.android.app.shealth,2021-10-13 19:35:39.090,10af0b9a-f454-4e95-a4aa-c7e74c2f2f5f,
83626,2021-10-04 16:07:44.034,,2021-10-04 21:54:22.012,2021-10-04 21:54:22.012,UTC+0900,DQQ9M5Fmpd,com.sec.android.app.shealth,2021-10-04 16:09:07.660,bc59c17f-9bbe-4134-af60-186f2195a96b,
327343,2021-10-13 15:37:12.345,,2021-10-13 21:48:43.550,2021-10-13 21:48:43.550,UTC+0900,DQQ9M5Fmpd,com.sec.android.app.shealth,2021-10-13 15:42:39.688,19be7b28-c84a-4c93-9537-a924439382e4,
597767,2021-10-04 17:13:41.136,,2021-10-04 21:54:22.014,2021-10-04 21:54:22.014,UTC+0900,DQQ9M5Fmpd,com.sec.android.app.shealth,2021-10-04 17:23:38.903,1867295c-1114-4546-9ef5-3f4611854f7e,
328250,2021-10-13 21:09:11.867,,2021-10-13 21:48:43.569,2021-10-13 21:48:43.569,UTC+0900,DQQ9M5Fmpd,com.sec.android.app.shealth,2021-10-13 21:14:40.117,e53e5689-16a1-4d6c-af84-6b5d14e3d320,
89743,2021-10-04 18:20:39.261,,2021-10-04 21:54:22.017,2021-10-04 21:54:22.017,UTC+0900,DQQ9M5Fmpd,com.sec.android.app.shealth,2021-10-04 18:22:09.004,616fb1c0-5c03-45d7-a5fe-a45bcef8f21c,
924357,2021-10-13 21:28:42.609,,2021-10-13 21:48:43.571,2021-10-13 21:48:43.571,UTC+0900,DQQ9M5Fmpd,com.sec.android.app.shealth,2021-10-13 21:44:06.966,33c512d8-ab1c-49ed-a911-3b72a5cbdb33,
82071,2021-10-18 15:24:46.436,,2021-10-18 21:13:45.356,2021-10-18 21:13:45.356,UTC+0900,DQQ9M5Fmpd,com.sec.android.app.shealth,2021-10-18 15:26:08.507,73c75642-50c7-49d2-988f-1917a2ceebde,
179455,2021-10-18 16:06:41.266,,2021-10-18 21:13:45.356,2021-10-18 21:13:45.356,UTC+0900,DQQ9M5Fmpd,com.sec.android.app.shealth,2021-10-18 16:09:40.721,3115d3b6-f363-47dd-b8a7-878eadd8acf2,
113337,2021-10-04 18:54:42.561,,2021-10-04 21:54:22.019,2021-10-04 21:54:22.019,UTC+0900,DQQ9M5Fmpd,com.sec.android.app.shealth,2021-10-04 18:56:35.898,4e35b858-5aaf-4e94-9da9-2968994a4cb4,
173059,2021-10-18 17:04:45.716,,2021-10-18 21:13:45.357,2021-10-18 21:13:45.357,UTC+0900,DQQ9M5Fmpd,com.sec.android.app.shealth,2021-10-18 17:07:38.775,6a7e815e-967e-4be2-bc21-84fb88b0d380,
530093,2021-10-18 17:15:17.662,,2021-10-18 21:13:45.358,2021-10-18 21:13:45.358,UTC+0900,DQQ9M5Fmpd,com.sec.android.app.shealth,2021-10-18 17:24:07.755,c0e4a494-dae8-409c-b6c9-83545d626403,
143059,2021-10-13 15:22:17.278,,2021-10-13 21:48:43.548,2021-10-13 21:48:43.548,UTC+0900,DQQ9M5Fmpd,com.sec.android.app.shealth,2021-10-13 15:24:40.337,8593ab1d-cf92-4b52-81a3-8aefa85364ec,
85480,2021-10-18 18:49:42.750,,2021-10-18 21:13:45.359,2021-10-18 21:13:45.359,UTC+0900,DQQ9M5Fmpd,com.sec.android.app.shealth,2021-10-18 18:51:08.230,c400e886-0ff0-4819-bf76-985a762e61f0,
83916,2021-10-13 16:33:16.053,,2021-10-13 21:48:43.551,2021-10-13 21:48:43.551,UTC+0900,DQQ9M5Fmpd,com.sec.android.app.shealth,2021-10-13 16:34:39.969,bbc2fe8c-b0c9-478c-bf6f-f57a439031f4,
87613,2021-10-18 18:38:42.379,,2021-10-18 21:13:45.359,2021-10-18 21:13:45.359,UTC+0900,DQQ9M5Fmpd,com.sec.android.app.shealth,2021-10-18 18:40:09.992,9891ccb6-5e9b-40d7-91b2-51ece004cb19,
80073,2021-10-18 19:55:47.768,,2021-10-18 21:13:45.361,2021-10-18 21:13:45.361,UTC+0900,DQQ9M5Fmpd,com.sec.android.app.shealth,2021-10-18 19:57:07.841,5bdf00eb-4f3d-4880-9acf-68eb86efa83e,
119086,2021-10-04 16:55:39.280,,2021-10-04 21:54:22.012,2021-10-04 21:54:22.012,UTC+0900,DQQ9M5Fmpd,com.sec.android.app.shealth,2021-10-04 16:57:38.366,5c993cd3-ad5d-47c3-81b5-4fa16290623f,
205356,2021-10-18 19:37:43.863,,2021-10-18 21:13:45.360,2021-10-18 21:13:45.360,UTC+0900,DQQ9M5Fmpd,com.sec.android.app.shealth,2021-10-18 19:41:09.219,15cf8f92-6811-4789-8470-91e7dfc7efab,
172576,2021-10-04 21:04:40.094,,2021-10-04 21:54:22.021,2021-10-04 21:54:22.021,UTC+0900,DQQ9M5Fmpd,com.sec.android.app.shealth,2021-10-04 21:07:32.670,5a0aa8c4-b310-4e5c-8efb-0b905ce316aa,
84639,2021-10-13 16:54:15.424,,2021-10-13 21:48:43.552,2021-10-13 21:48:43.552,UTC+0900,DQQ9M5Fmpd,com.sec.android.app.shealth,2021-10-13 16:55:40.063,acc04b4c-329e-4971-8636-89d3613ababc,
839083,2021-10-31 15:26:39.839,,2021-10-31 17:01:18.368,2021-10-31 17:01:18.368,UTC+0900,DQQ9M5Fmpd,com.sec.android.app.shealth,2021-10-31 15:40:38.922,1d47d90a-71da-4fa6-89a8-20c2a8a587b1,
86863,2021-10-13 17:07:41.427,,2021-10-13 21:48:43.553,2021-10-13 21:48:43.553,UTC+0900,DQQ9M5Fmpd,com.sec.android.app.shealth,2021-10-13 17:09:08.290,fe3030b2-7f4b-41c8-be59-26f5f6fc68fd,
139629,2021-10-13 15:17:46.722,,2021-10-13 21:48:43.548,2021-10-13 21:48:43.548,UTC+0900,DQQ9M5Fmpd,com.sec.android.app.shealth,2021-10-13 15:20:06.351,9bd4b951-712d-4620-9acf-b046a4e53dda,
77323,2021-10-31 17:43:58.377,,2021-10-31 21:22:34.740,2021-10-31 21:22:34.740,UTC+0900,DQQ9M5Fmpd,com.sec.android.app.shealth,2021-10-31 17:45:15.700,14c0e827-f723-4ea1-9e8e-2ec97bbf79d3,
112410,2021-10-13 17:34:14.579,,2021-10-13 21:48:43.554,2021-10-13 21:48:43.554,UTC+0900,DQQ9M5Fmpd,com.sec.android.app.shealth,2021-10-13 17:36:06.989,fae68775-0e52-4a0d-868b-255377db49c8,
920649,2021-10-04 17:29:46.142,,2021-10-04 21:54:22.015,2021-10-04 21:54:22.015,UTC+0900,DQQ9M5Fmpd,com.sec.android.app.shealth,2021-10-04 17:45:06.791,dce57490-29e3-437c-bcc7-785941371981,
80103,2021-10-18 20:57:19.344,,2021-10-18 21:13:45.362,2021-10-18 21:13:45.362,UTC+0900,DQQ9M5Fmpd,com.sec.android.app.shealth,2021-10-18 20:58:39.447,b2266314-fff7-4c6c-be7e-e1779a243fd3,
85851,2021-10-31 18:36:19.378,,2021-10-31 21:22:34.744,2021-10-31 21:22:34.744,UTC+0900,DQQ9M5Fmpd,com.sec.android.app.shealth,2021-10-31 18:37:45.229,1033d508-3381-46bb-b410-aa6013f1966e,
174822,2021-10-04 18:29:42.226,,2021-10-04 21:54:22.017,2021-10-04 21:54:22.017,UTC+0900,DQQ9M5Fmpd,com.sec.android.app.shealth,2021-10-04 18:32:37.048,3bf0667b-3730-42cb-b269-24463c46c111,
86589,2021-10-13 18:46:13.374,,2021-10-13 21:48:43.557,2021-10-13 21:48:43.557,UTC+0900,DQQ9M5Fmpd,com.sec.android.app.shealth,2021-10-13 18:47:39.963,f8844f67-c09c-4a80-93da-b0cf6758fa35,
138424,2021-10-31 19:20:22.159,,2021-10-31 21:22:34.746,2021-10-31 21:22:34.746,UTC+0900,DQQ9M5Fmpd,com.sec.android.app.shealth,2021-10-31 19:22:40.583,6acb9b28-cad5-4c40-8f3b-c69299cc545c,
119084,2021-10-04 20:37:08.965,,2021-10-04 21:54:22.020,2021-10-04 21:54:22.020,UTC+0900,DQQ9M5Fmpd,com.sec.android.app.shealth,2021-10-04 20:39:08.049,bca30795-cc75-4f18-b829-8fa46bd94bb8,
88253,2021-10-13 16:31:10.882,,2021-10-13 21:48:43.551,2021-10-13 21:48:43.551,UTC+0900,DQQ9M5Fmpd,com.sec.android.app.shealth,2021-10-13 16:32:39.135,38423e68-4039-4e17-8c31-5f9ffca9fb76,
85149,2021-10-31 20:18:52.159,,2021-10-31 21:22:34.750,2021-10-31 21:22:34.750,UTC+0900,DQQ9M5Fmpd,com.sec.android.app.shealth,2021-10-31 20:20:17.308,5ce95887-f6d1-476d-9267-83822d2886a9,
117694,2021-10-13 18:34:13.188,,2021-10-13 21:48:43.556,2021-10-13 21:48:43.556,UTC+0900,DQQ9M5Fmpd,com.sec.android.app.shealth,2021-10-13 18:36:10.882,4965ffc7-b63f-4cc9-a7cb-531b7604547d,
232337,2021-10-13 19:21:10.634,,2021-10-13 21:48:43.564,2021-10-13 21:48:43.564,UTC+0900,DQQ9M5Fmpd,com.sec.android.app.shealth,2021-10-13 19:25:02.971,4208681e-5880-4507-b8b0-df4e5e0ef54d,
82320,2021-10-13 17:03:42.354,,2021-10-13 21:48:43.553,2021-10-13 21:48:43.553,UTC+0900,DQQ9M5Fmpd,com.sec.android.app.shealth,2021-10-13 17:05:04.674,c4e87ceb-5a04-45dd-9da0-8ee63efd4750,
174912,2021-10-31 21:12:21.132,,2021-10-31 21:22:34.755,2021-10-31 21:22:34.755,UTC+0900,DQQ9M5Fmpd,com.sec.android.app.shealth,2021-10-31 21:15:16.044,4c02afe5-a8e7-43e3-b9b2-3caea9121159,
112854,2021-10-13 18:31:48.101,,2021-10-13 21:48:43.555,2021-10-13 21:48:43.555,UTC+0900,DQQ9M5Fmpd,com.sec.android.app.shealth,2021-10-13 18:33:40.955,7e3397e8-a377-46a4-ab94-2db66791878a,
624172,2021-10-13 21:17:41.589,,2021-10-13 21:48:43.570,2021-10-13 21:48:43.570,UTC+0900,DQQ9M5Fmpd,com.sec.android.app.shealth,2021-10-13 21:28:05.761,6e0bef8a-5423-4631-ac4b-1113bfbd02ba,
85658,2021-10-13 18:53:43.898,,2021-10-13 21:48:43.558,2021-10-13 21:48:43.558,UTC+0900,DQQ9M5Fmpd,com.sec.android.app.shealth,2021-10-13 18:55:09.556,46072b7f-fad7-469a-86f6-d5da4816314d,
290557,2021-10-13 14:08:46.406,,2021-10-13 21:48:43.546,2021-10-13 21:48:43.546,UTC+0900,DQQ9M5Fmpd,com.sec.android.app.shealth,2021-10-13 14:13:36.963,183c72b0-f2aa-4450-a192-43a3efaefa63,
82333,2021-10-31 17:35:55.225,,2021-10-31 21:22:34.738,2021-10-31 21:22:34.738,UTC+0900,DQQ9M5Fmpd,com.sec.android.app.shealth,2021-10-31 17:37:17.558,b5d36c98-7026-4e25-9236-3abf700a3e44,
208246,2021-10-13 20:34:41.593,,2021-10-13 21:48:43.566,2021-10-13 21:48:43.566,UTC+0900,DQQ9M5Fmpd,com.sec.android.app.shealth,2021-10-13 20:38:09.839,a8a44bac-9905-4d1a-bb78-5b89f243a67e,
85944,2021-10-18 16:04:13.676,,2021-10-18 21:13:45.356,2021-10-18 21:13:45.356,UTC+0900,DQQ9M5Fmpd,com.sec.android.app.shealth,2021-10-18 16:05:39.620,8af8181a-8f2e-47c2-8d10-15ec1ea19f0b,
110629,2021-10-13 15:27:47.556,,2021-10-13 21:48:43.550,2021-10-13 21:48:43.550,UTC+0900,DQQ9M5Fmpd,com.sec.android.app.shealth,2021-10-13 15:29:38.185,5cc8a209-ae41-40e8-b887-f069d27de910,
142503,2021-10-31 18:24:50.961,,2021-10-31 21:22:34.742,2021-10-31 21:22:34.742,UTC+0900,DQQ9M5Fmpd,com.sec.android.app.shealth,2021-10-31 18:27:13.464,4c982019-b55e-45ba-b597-13da2faa0572,
2455924,2021-10-18 14:04:43.700,,2021-10-18 21:13:45.354,2021-10-18 21:13:45.354,UTC+0900,DQQ9M5Fmpd,com.sec.android.app.shealth,2021-10-18 14:45:39.624,bdbcfe6b-2be9-4ff4-b955-8489097bbb87,
146859,2021-10-18 17:10:12.286,,2021-10-18 21:13:45.358,2021-10-18 21:13:45.358,UTC+0900,DQQ9M5Fmpd,com.sec.android.app.shealth,2021-10-18 17:12:39.145,2ed7911d-0c4e-427d-8ffd-298fc1dedd20,
85102,2021-10-13 19:11:42.044,,2021-10-13 21:48:43.559,2021-10-13 21:48:43.559,UTC+0900,DQQ9M5Fmpd,com.sec.android.app.shealth,2021-10-13 19:13:07.146,7a58c3e3-ef47-4701-8d3d-9e6343f30d80,
179363,2021-10-31 19:00:18.729,,2021-10-31 21:22:34.745,2021-10-31 21:22:34.745,UTC+0900,DQQ9M5Fmpd,com.sec.android.app.shealth,2021-10-31 19:03:18.092,7f851174-e7f9-4890-a1ca-a36c1fe6c1ba,
297230,2021-10-18 18:40:40.989,,2021-10-18 21:13:45.359,2021-10-18 21:13:45.359,UTC+0900,DQQ9M5Fmpd,com.sec.android.app.shealth,2021-10-18 18:45:38.219,2cfb9a56-0d67-437c-a3a4-2be34865ebc5,
119455,2021-10-13 16:38:10.882,,2021-10-13 21:48:43.552,2021-10-13 21:48:43.552,UTC+0900,DQQ9M5Fmpd,com.sec.android.app.shealth,2021-10-13 16:40:10.337,8a9be569-06cf-486c-9481-e15fc0acb972,
76488,2021-10-18 16:50:15.623,,2021-10-18 21:13:45.356,2021-10-18 21:13:45.356,UTC+0900,DQQ9M5Fmpd,com.sec.android.app.shealth,2021-10-18 16:51:32.111,6f41b6af-760b-4f29-ade1-d582f963f638,
86778,2021-10-31 20:12:50.583,,2021-10-31 21:22:34.748,2021-10-31 21:22:34.748,UTC+0900,DQQ9M5Fmpd,com.sec.android.app.shealth,2021-10-31 20:14:17.361,57dd608c-1629-474e-94b3-bdf07ba0c0f0,
115659,2021-10-13 20:51:44.093,,2021-10-13 21:48:43.567,2021-10-13 21:48:43.567,UTC+0900,DQQ9M5Fmpd,com.sec.android.app.shealth,2021-10-13 20:53:39.752,5481d0e7-6a06-4c8f-8b1b-324d2951399e,
77601,2021-10-18 19:42:45.543,,2021-10-18 21:13:45.360,2021-10-18 21:13:45.360,UTC+0900,DQQ9M5Fmpd,com.sec.android.app.shealth,2021-10-18 19:44:03.144,94942428-0260-4e98-b4eb-a12485fc5aa7,
80289,2021-10-18 17:27:41.915,,2021-10-18 21:13:45.358,2021-10-18 21:13:45.358,UTC+0900,DQQ9M5Fmpd,com.sec.android.app.shealth,2021-10-18 17:29:02.204,cb7179fc-877b-4fbf-939f-9ec8ac469d1e,
536489,2021-10-18 14:46:11.744,,2021-10-18 21:13:45.355,2021-10-18 21:13:45.355,UTC+0900,DQQ9M5Fmpd,com.sec.android.app.shealth,2021-10-18 14:55:08.233,15c54cdb-1ecd-4a13-83da-fd4ab96ab154,
85260,2021-10-31 15:21:12.376,,2021-10-31 17:01:18.368,2021-10-31 17:01:18.368,UTC+0900,DQQ9M5Fmpd,com.sec.android.app.shealth,2021-10-31 15:22:37.636,b007c8ed-c32d-4259-bd3a-0caa1a22b9c3,
356767,2021-10-13 17:09:41.427,,2021-10-13 21:48:43.554,2021-10-13 21:48:43.554,UTC+0900,DQQ9M5Fmpd,com.sec.android.app.shealth,2021-10-13 17:15:38.194,61cb7638-9b6e-4224-8f6f-9df9846e6a5b,
77787,2021-10-31 21:07:28.362,,2021-10-31 21:22:34.753,2021-10-31 21:22:34.753,UTC+0900,DQQ9M5Fmpd,com.sec.android.app.shealth,2021-10-31 21:08:46.149,91faeb60-1529-41a6-a85f-2fc5003422ef,
86214,2021-10-18 19:30:40.989,,2021-10-18 21:13:45.359,2021-10-18 21:13:45.359,UTC+0900,DQQ9M5Fmpd,com.sec.android.app.shealth,2021-10-18 19:32:07.203,107ad0ab-fc41-4619-8942-6778a260f8b3,
143708,2021-10-18 16:52:14.232,,2021-10-18 21:13:45.357,2021-10-18 21:13:45.357,UTC+0900,DQQ9M5Fmpd,com.sec.android.app.shealth,2021-10-18 16:54:37.940,5647715f-5661-4993-8aa6-e5ac02032cee,
117621,2021-10-13 18:41:11.407,,2021-10-13 21:48:43.556,2021-10-13 21:48:43.556,UTC+0900,DQQ9M5Fmpd,com.sec.android.app.shealth,2021-10-13 18:43:09.028,795c3b04-e8a6-4a75-a850-80540b338cda,
141854,2021-10-18 17:56:11.861,,2021-10-18 21:13:45.358,2021-10-18 21:13:45.358,UTC+0900,DQQ9M5Fmpd,com.sec.android.app.shealth,2021-10-18 17:58:33.715,77fc96aa-5fd0-4efc-9cad-9f2f7718e8b0,
118157,2021-10-13 19:15:40.653,,2021-10-13 21:48:43.560,2021-10-13 21:48:43.560,UTC+0900,DQQ9M5Fmpd,com.sec.android.app.shealth,2021-10-13 19:17:38.810,6896c64c-7327-489e-aadf-a52cfb4b34e4,
106035,2021-10-18 19:32:47.271,,2021-10-18 21:13:45.360,2021-10-18 21:13:45.360,UTC+0900,DQQ9M5Fmpd,com.sec.android.app.shealth,2021-10-18 19:34:33.306,db3d73c9-30c6-4ca8-8fb3-aaed0e73202d,
79521,2021-10-13 20:56:16.131,,2021-10-13 21:48:43.567,2021-10-13 21:48:43.567,UTC+0900,DQQ9M5Fmpd,com.sec.android.app.shealth,2021-10-13 20:57:35.652,b0307597-c0ea-4668-9a39-cd0d59b6fd4c,
324445,2021-10-31 17:37:48.927,,2021-10-31 21:22:34.739,2021-10-31 21:22:34.739,UTC+0900,DQQ9M5Fmpd,com.sec.android.app.shealth,2021-10-31 17:43:13.372,0a86b2eb-9ce1-432a-80d7-c24948791f43,
87520,2021-10-18 20:15:11.093,,2021-10-18 21:13:45.361,2021-10-18 21:13:45.361,UTC+0900,DQQ9M5Fmpd,com.sec.android.app.shealth,2021-10-18 20:16:38.613,66d11b3f-1162-4225-aec2-dbfcbde03ae4,
77492,2021-10-18 15:21:45.916,,2021-10-18 21:13:45.355,2021-10-18 21:13:45.355,UTC+0900,DQQ9M5Fmpd,com.sec.android.app.shealth,2021-10-18 15:23:03.408,61890140-382a-430d-b0ee-fe79fa5601f9,
170941,2021-10-31 18:30:22.608,,2021-10-31 21:22:34.743,2021-10-31 21:22:34.743,UTC+0900,DQQ9M5Fmpd,com.sec.android.app.shealth,2021-10-31 18:33:13.549,fc8d1613-098b-4dd8-8f8e-b9f31c6ac63c,
110371,2021-10-18 20:06:12.206,,2021-10-18 21:13:45.361,2021-10-18 21:13:45.361,UTC+0900,DQQ9M5Fmpd,com.sec.android.app.shealth,2021-10-18 20:08:02.577,46042757-0240-40a1-8d01-59de8e1a1468,
114727,2021-10-31 16:35:42.414,,2021-10-31 17:01:18.369,2021-10-31 17:01:18.369,UTC+0900,DQQ9M5Fmpd,com.sec.android.app.shealth,2021-10-31 16:37:37.141,be4b584a-edfe-49d4-a4df-9c716de90fd7,
538992,2021-10-31 19:03:48.729,,2021-10-31 21:22:34.746,2021-10-31 21:22:34.746,UTC+0900,DQQ9M5Fmpd,com.sec.android.app.shealth,2021-10-31 19:12:47.721,b3fda998-54a1-46ba-add7-6df821b93893,
85386,2021-10-31 16:26:12.044,,2021-10-31 17:01:18.369,2021-10-31 17:01:18.369,UTC+0900,DQQ9M5Fmpd,com.sec.android.app.shealth,2021-10-31 16:27:37.430,dc8e5c15-bd48-466a-8b83-e844f9c6184f,
119177,2021-10-31 18:00:49.478,,2021-10-31 21:22:34.741,2021-10-31 21:22:34.741,UTC+0900,DQQ9M5Fmpd,com.sec.android.app.shealth,2021-10-31 18:02:48.655,ab4b51f8-1e66-43fd-a92a-f7fc50fbeb3c,
203059,2021-10-31 20:14:54.569,,2021-10-31 21:22:34.749,2021-10-31 21:22:34.749,UTC+0900,DQQ9M5Fmpd,com.sec.android.app.shealth,2021-10-31 20:18:17.628,3296fe2b-2e48-4b73-a09e-cdd2cc2986fc,
294264,2021-10-31 18:47:19.471,,2021-10-31 21:22:34.744,2021-10-31 21:22:34.744,UTC+0900,DQQ9M5Fmpd,com.sec.android.app.shealth,2021-10-31 18:52:13.735,6b804ccf-7109-4608-8249-e0d2c631a0dd,
112503,2021-10-31 21:09:54.654,,2021-10-31 21:22:34.754,2021-10-31 21:22:34.754,UTC+0900,DQQ9M5Fmpd,com.sec.android.app.shealth,2021-10-31 21:11:47.157,ab94fe68-b456-4a4a-b3f8-2d8cbc6db606,
77972,2021-10-31 20:02:56.701,,2021-10-31 21:22:34.747,2021-10-31 21:22:34.747,UTC+0900,DQQ9M5Fmpd,com.sec.android.app.shealth,2021-10-31 20:04:14.673,a9031f1e-8700-4a67-98fb-382f3fe73acb,
87926,2021-10-31 20:24:19.696,,2021-10-31 21:22:34.752,2021-10-31 21:22:34.752,UTC+0900,DQQ9M5Fmpd,com.sec.android.app.shealth,2021-10-31 20:25:47.622,a9751fef-6e2b-409b-b8e3-fa995558b76b,
326582,2021-10-31 17:47:19.849,,2021-10-31 21:22:34.741,2021-10-31 21:22:34.741,UTC+0900,DQQ9M5Fmpd,com.sec.android.app.shealth,2021-10-31 17:52:46.431,fc2720c3-42b2-438d-8b37-74d5c46f773c,
207899,2021-10-31 18:38:18.709,,2021-10-31 21:22:34.744,2021-10-31 21:22:34.744,UTC+0900,DQQ9M5Fmpd,com.sec.android.app.shealth,2021-10-31 18:41:46.608,acf3b04f-01fd-4aa2-8afe-90993d76fe5b,
1045654,2021-10-31 19:32:20.954,,2021-10-31 21:22:34.747,2021-10-31 21:22:34.747,UTC+0900,DQQ9M5Fmpd,com.sec.android.app.shealth,2021-10-31 19:49:46.608,a3e525d3-46ec-4e68-a0c8-fcfaac36207d,
175562,2021-10-18 16:55:14.881,,2021-10-18 21:13:45.357,2021-10-18 21:13:45.357,UTC+0900,DQQ9M5Fmpd,com.sec.android.app.shealth,2021-10-18 16:58:10.443,ecb7a1d1-e109-4ac0-aa30-bc056176ff78,
115655,2021-10-18 18:30:40.989,,2021-10-18 21:13:45.359,2021-10-18 21:13:45.359,UTC+0900,DQQ9M5Fmpd,com.sec.android.app.shealth,2021-10-18 18:32:36.644,300c6d62-fbc9-4ab4-9bc9-b4f76ecbbd98,
78066,2021-10-18 19:35:16.178,,2021-10-18 21:13:45.360,2021-10-18 21:13:45.360,UTC+0900,DQQ9M5Fmpd,com.sec.android.app.shealth,2021-10-18 19:36:34.244,a7fa667a-245f-4b73-8fec-eb185cd6d57a,
172503,2021-10-31 20:20:53.311,,2021-10-31 21:22:34.751,2021-10-31 21:22:34.751,UTC+0900,DQQ9M5Fmpd,com.sec.android.app.shealth,2021-10-31 20:23:45.814,4e0a66f6-7ae4-49ec-9506-1f9f6bcbddf1,
114263,2021-10-18 20:17:10.815,,2021-10-18 21:13:45.361,2021-10-18 21:13:45.361,UTC+0900,DQQ9M5Fmpd,com.sec.android.app.shealth,2021-10-18 20:19:05.078,9e996895-1caf-4252-b8d8-5e03ae991155,
0,2021-10-31 21:40:51.412,,2021-10-31 21:55:29.376,2021-10-31 21:55:29.376,UTC+0900,DQQ9M5Fmpd,com.sec.android.app.shealth,2021-10-31 21:55:29.327,0984129d-9bc2-4bbf-9a7f-b790a8592d64,
119641,2021-10-31 16:44:39.818,,2021-10-31 17:01:18.370,2021-10-31 17:01:18.370,UTC+0900,DQQ9M5Fmpd,com.sec.android.app.shealth,2021-10-31 16:46:39.459,dd0b40d2-20ee-4a91-8dfc-2f32b908da52,
89652,2021-10-31 18:08:18.922,,2021-10-31 21:22:34.742,2021-10-31 21:22:34.742,UTC+0900,DQQ9M5Fmpd,com.sec.android.app.shealth,2021-10-31 18:09:48.574,e0b3d04e-f6e5-4401-9927-343f942aca9f,
204006,2021-10-31 18:54:24.178,,2021-10-31 21:22:34.745,2021-10-31 21:22:34.745,UTC+0900,DQQ9M5Fmpd,com.sec.android.app.shealth,2021-10-31 18:57:48.184,3e607333-13af-4ba3-bd32-a7fd73feed10,
269568,2021-10-31 20:06:18.894,,2021-10-31 21:22:34.748,2021-10-31 21:22:34.748,UTC+0900,DQQ9M5Fmpd,com.sec.android.app.shealth,2021-10-31 20:10:48.462,30d3c81f-490f-41f7-aa76-75db64209cbb,
104086,2021-10-31 20:32:26.138,,2021-10-31 21:22:34.752,2021-10-31 21:22:34.752,UTC+0900,DQQ9M5Fmpd,com.sec.android.app.shealth,2021-10-31 20:34:10.224,a0d36c1c-24e1-4d3f-b3b9-2c9e607361c2,
